STATION,NAME,LATITUDE,LONGITUDE,ELEVATION,DATE,AWND,PRCP,SNOW,TAVG
USW00093037,"COLORADO SPRINGS MUNICIPAL AIRPORT, CO US",38.80949,-104.68873,1884.2,1987-11,9.4,0.44,4.8,39.2
USW00093037,"COLORADO SPRINGS MUNICIPAL AIRPORT, CO US",38.80949,-104.68873,1884.2,1987-12,9.8,0.64,9.5,29
USW00093037,"COLORADO SPRINGS MUNICIPAL AIRPORT, CO US",38.80949,-104.68873,1884.2,1988-01,10.1,0.43,4.9,24.3
USW00093037,"COLORADO SPRINGS MUNICIPAL AIRPORT, CO US",38.80949,-104.68873,1884.2,1988-02,9.4,0.68,11.5,31.7
USW00093037,"COLORADO SPRINGS MUNICIPAL AIRPORT, CO US",38.80949,-104.68873,1884.2,1988-03,11,0.9,12.6,36.2
USW00093037,"COLORADO SPRINGS MUNICIPAL AIRPORT, CO US",38.80949,-104.68873,1884.2,1988-04,11,0.27,1,48.1
USW00093037,"COLORADO SPRINGS MUNICIPAL AIRPORT, CO US",38.80949,-104.68873,1884.2,1988-05,13.6,1.01,0.3,56.3
USW00093037,"COLORADO SPRINGS MUNICIPAL AIRPORT, CO US",38.80949,-104.68873,1884.2,1988-06,9.2,1.7,0,68.7
USW00093037,"COLORADO SPRINGS MUNICIPAL AIRPORT, CO US",38.80949,-104.68873,1884.2,1988-07,8.5,2.07,0,70.6
USW00093037,"COLORADO SPRINGS MUNICIPAL AIRPORT, CO US",38.80949,-104.68873,1884.2,1988-08,8.5,2.88,0,70.4
USW00093037,"COLORADO SPRINGS MUNICIPAL AIRPORT, CO US",38.80949,-104.68873,1884.2,1988-09,10.7,1.19,0,60.7
USW00093037,"COLORADO SPRINGS MUNICIPAL AIRPORT, CO US",38.80949,-104.68873,1884.2,1988-10,8.9,0.08,0,53
USW00093037,"COLORADO SPRINGS MUNICIPAL AIRPORT, CO US",38.80949,-104.68873,1884.2,1988-11,10.1,0.36,1.6,39.2
USW00093037,"COLORADO SPRINGS MUNICIPAL AIRPORT, CO US",38.80949,-104.68873,1884.2,1988-12,8.9,1.05,13.6,29.2
USW00093037,"COLORADO SPRINGS MUNICIPAL AIRPORT, CO US",38.80949,-104.68873,1884.2,1989-01,9.2,0.23,3,32.7
USW00093037,"COLORADO SPRINGS MUNICIPAL AIRPORT, CO US",38.80949,-104.68873,1884.2,1989-02,8.7,1.24,18.9,21.8
USW00093037,"COLORADO SPRINGS MUNICIPAL AIRPORT, CO US",38.80949,-104.68873,1884.2,1989-03,11,0.49,0,43.7
USW00093037,"COLORADO SPRINGS MUNICIPAL AIRPORT, CO US",38.80949,-104.68873,1884.2,1989-04,11,1.06,1,49
USW00093037,"COLORADO SPRINGS MUNICIPAL AIRPORT, CO US",38.80949,-104.68873,1884.2,1989-05,10.3,1.12,0,57.6
USW00093037,"COLORADO SPRINGS MUNICIPAL AIRPORT, CO US",38.80949,-104.68873,1884.2,1989-06,9.4,3.43,0,62.1
USW00093037,"COLORADO SPRINGS MUNICIPAL AIRPORT, CO US",38.80949,-104.68873,1884.2,1989-07,9.2,2.26,0,71.8
USW00093037,"COLORADO SPRINGS MUNICIPAL AIRPORT, CO US",38.80949,-104.68873,1884.2,1989-08,8.7,2.64,0,68.4
USW00093037,"COLORADO SPRINGS MUNICIPAL AIRPORT, CO US",38.80949,-104.68873,1884.2,1989-09,9.6,2.3,0,60.9
USW00093037,"COLORADO SPRINGS MUNICIPAL AIRPORT, CO US",38.80949,-104.68873,1884.2,1989-10,9.8,0.28,2.1,49.7
USW00093037,"COLORADO SPRINGS MUNICIPAL AIRPORT, CO US",38.80949,-104.68873,1884.2,1989-11,8.7,0.02,0.2,41.5
USW00093037,"COLORADO SPRINGS MUNICIPAL AIRPORT, CO US",38.80949,-104.68873,1884.2,1989-12,7.8,0.41,7.5,27.2
USW00093037,"COLORADO SPRINGS MUNICIPAL AIRPORT, CO US",38.80949,-104.68873,1884.2,1990-01,9.4,0.53,8.7,33.5
USW00093037,"COLORADO SPRINGS MUNICIPAL AIRPORT, CO US",38.80949,-104.68873,1884.2,1990-02,9.6,0.59,9.3,31.7
USW00093037,"COLORADO SPRINGS MUNICIPAL AIRPORT, CO US",38.80949,-104.68873,1884.2,1990-03,9.4,1.77,9.7,38.8
USW00093037,"COLORADO SPRINGS MUNICIPAL AIRPORT, CO US",38.80949,-104.68873,1884.2,1990-04,9.4,2.04,11.3,47.1
USW00093037,"COLORADO SPRINGS MUNICIPAL AIRPORT, CO US",38.80949,-104.68873,1884.2,1990-05,10.3,3.91,4.2,53.8
USW00093037,"COLORADO SPRINGS MUNICIPAL AIRPORT, CO US",38.80949,-104.68873,1884.2,1990-06,9.4,0.13,0,69.5
USW00093037,"COLORADO SPRINGS MUNICIPAL AIRPORT, CO US",38.80949,-104.68873,1884.2,1990-07,8.1,5.13,0,67.9
USW00093037,"COLORADO SPRINGS MUNICIPAL AIRPORT, CO US",38.80949,-104.68873,1884.2,1990-08,8.1,1.45,0,67.9
USW00093037,"COLORADO SPRINGS MUNICIPAL AIRPORT, CO US",38.80949,-104.68873,1884.2,1990-09,8.5,1.5,0,64.5
USW00093037,"COLORADO SPRINGS MUNICIPAL AIRPORT, CO US",38.80949,-104.68873,1884.2,1990-10,8.9,1.46,8.2,49.5
USW00093037,"COLORADO SPRINGS MUNICIPAL AIRPORT, CO US",38.80949,-104.68873,1884.2,1990-11,9.4,0.3,2.7,42.7
USW00093037,"COLORADO SPRINGS MUNICIPAL AIRPORT, CO US",38.80949,-104.68873,1884.2,1990-12,8.5,0.28,4.1,24.2
USW00093037,"COLORADO SPRINGS MUNICIPAL AIRPORT, CO US",38.80949,-104.68873,1884.2,1991-01,8.1,0.09,0.9,27.9
USW00093037,"COLORADO SPRINGS MUNICIPAL AIRPORT, CO US",38.80949,-104.68873,1884.2,1991-02,8.7,0,0,38
USW00093037,"COLORADO SPRINGS MUNICIPAL AIRPORT, CO US",38.80949,-104.68873,1884.2,1991-03,12.1,0.42,5.2,39.8
USW00093037,"COLORADO SPRINGS MUNICIPAL AIRPORT, CO US",38.80949,-104.68873,1884.2,1991-04,11.2,1.77,5.9,45.8
USW00093037,"COLORADO SPRINGS MUNICIPAL AIRPORT, CO US",38.80949,-104.68873,1884.2,1991-05,11.4,0.8,1.5,58
USW00093037,"COLORADO SPRINGS MUNICIPAL AIRPORT, CO US",38.80949,-104.68873,1884.2,1991-06,10.7,3.07,0,67
USW00093037,"COLORADO SPRINGS MUNICIPAL AIRPORT, CO US",38.80949,-104.68873,1884.2,1991-07,9.4,2.87,0,69.4
USW00093037,"COLORADO SPRINGS MUNICIPAL AIRPORT, CO US",38.80949,-104.68873,1884.2,1991-08,8.7,4.57,0,68.1
USW00093037,"COLORADO SPRINGS MUNICIPAL AIRPORT, CO US",38.80949,-104.68873,1884.2,1991-09,9.2,0.56,0,60.5
USW00093037,"COLORADO SPRINGS MUNICIPAL AIRPORT, CO US",38.80949,-104.68873,1884.2,1991-10,10.5,0.88,7.5,50.2
USW00093037,"COLORADO SPRINGS MUNICIPAL AIRPORT, CO US",38.80949,-104.68873,1884.2,1991-11,10.1,2.05,26.3,33
USW00093037,"COLORADO SPRINGS MUNICIPAL AIRPORT, CO US",38.80949,-104.68873,1884.2,1991-12,8.9,0.45,4.5,31
USW00093037,"COLORADO SPRINGS MUNICIPAL AIRPORT, CO US",38.80949,-104.68873,1884.2,1992-01,10.1,0.06,1.2,32.6
USW00093037,"COLORADO SPRINGS MUNICIPAL AIRPORT, CO US",38.80949,-104.68873,1884.2,1992-02,10.7,0.02,0.2,37.5
USW00093037,"COLORADO SPRINGS MUNICIPAL AIRPORT, CO US",38.80949,-104.68873,1884.2,1992-03,10.5,2.36,3,41.6
USW00093037,"COLORADO SPRINGS MUNICIPAL AIRPORT, CO US",38.80949,-104.68873,1884.2,1992-04,10.7,0.92,0,52.1
USW00093037,"COLORADO SPRINGS MUNICIPAL AIRPORT, CO US",38.80949,-104.68873,1884.2,1992-05,10.1,2.07,0,57.8
USW00093037,"COLORADO SPRINGS MUNICIPAL AIRPORT, CO US",38.80949,-104.68873,1884.2,1992-06,9.4,3.92,0,62.5
USW00093037,"COLORADO SPRINGS MUNICIPAL AIRPORT, CO US",38.80949,-104.68873,1884.2,1992-07,8.3,0.77,0,68.3
USW00093037,"COLORADO SPRINGS MUNICIPAL AIRPORT, CO US",38.80949,-104.68873,1884.2,1992-08,8.9,3.37,0,66.5
USW00093037,"COLORADO SPRINGS MUNICIPAL AIRPORT, CO US",38.80949,-104.68873,1884.2,1992-09,9.8,0.13,0,62.8
USW00093037,"COLORADO SPRINGS MUNICIPAL AIRPORT, CO US",38.80949,-104.68873,1884.2,1992-10,9.6,0.3,0,52.3
USW00093037,"COLORADO SPRINGS MUNICIPAL AIRPORT, CO US",38.80949,-104.68873,1884.2,1992-11,8.3,0.76,11.3,31.8
USW00093037,"COLORADO SPRINGS MUNICIPAL AIRPORT, CO US",38.80949,-104.68873,1884.2,1992-12,8.7,0.11,2.6,29.2
USW00093037,"COLORADO SPRINGS MUNICIPAL AIRPORT, CO US",38.80949,-104.68873,1884.2,1993-01,7.2,0.52,7.5,26.7
USW00093037,"COLORADO SPRINGS MUNICIPAL AIRPORT, CO US",38.80949,-104.68873,1884.2,1993-02,8.5,0.21,3.3,29.4
USW00093037,"COLORADO SPRINGS MUNICIPAL AIRPORT, CO US",38.80949,-104.68873,1884.2,1993-03,9.4,0.79,2.3,39.8
USW00093037,"COLORADO SPRINGS MUNICIPAL AIRPORT, CO US",38.80949,-104.68873,1884.2,1993-04,10.7,1.03,1.2,46.1
USW00093037,"COLORADO SPRINGS MUNICIPAL AIRPORT, CO US",38.80949,-104.68873,1884.2,1993-05,9.4,1.6,0,55.6
USW00093037,"COLORADO SPRINGS MUNICIPAL AIRPORT, CO US",38.80949,-104.68873,1884.2,1993-06,10.3,1.27,0,64.9
USW00093037,"COLORADO SPRINGS MUNICIPAL AIRPORT, CO US",38.80949,-104.68873,1884.2,1993-07,11.2,2.38,0,70.7
USW00093037,"COLORADO SPRINGS MUNICIPAL AIRPORT, CO US",38.80949,-104.68873,1884.2,1993-08,8.7,2.18,0,67.3
USW00093037,"COLORADO SPRINGS MUNICIPAL AIRPORT, CO US",38.80949,-104.68873,1884.2,1993-09,8.5,1.44,0.1,58
USW00093037,"COLORADO SPRINGS MUNICIPAL AIRPORT, CO US",38.80949,-104.68873,1884.2,1993-10,8.5,0.9,0.5,47.9
USW00093037,"COLORADO SPRINGS MUNICIPAL AIRPORT, CO US",38.80949,-104.68873,1884.2,1993-11,7.8,0.98,12.3,32.3
USW00093037,"COLORADO SPRINGS MUNICIPAL AIRPORT, CO US",38.80949,-104.68873,1884.2,1993-12,9.2,0.11,0.5,32.3
USW00093037,"COLORADO SPRINGS MUNICIPAL AIRPORT, CO US",38.80949,-104.68873,1884.2,1994-01,9.4,0.18,2.2,31.5
USW00093037,"COLORADO SPRINGS MUNICIPAL AIRPORT, CO US",38.80949,-104.68873,1884.2,1994-02,10.1,0.28,0.3,31.6
USW00093037,"COLORADO SPRINGS MUNICIPAL AIRPORT, CO US",38.80949,-104.68873,1884.2,1994-03,9.6,0.54,6.8,40.6
USW00093037,"COLORADO SPRINGS MUNICIPAL AIRPORT, CO US",38.80949,-104.68873,1884.2,1994-04,10.1,1.5,8.5,45.5
USW00093037,"COLORADO SPRINGS MUNICIPAL AIRPORT, CO US",38.80949,-104.68873,1884.2,1994-05,9.8,4.1,0,57.7
USW00093037,"COLORADO SPRINGS MUNICIPAL AIRPORT, CO US",38.80949,-104.68873,1884.2,1994-06,9.2,4.35,0,69
USW00093037,"COLORADO SPRINGS MUNICIPAL AIRPORT, CO US",38.80949,-104.68873,1884.2,1994-07,8.5,1.29,0,69.8
USW00093037,"COLORADO SPRINGS MUNICIPAL AIRPORT, CO US",38.80949,-104.68873,1884.2,1994-08,8.7,3.93,0,70.2
USW00093037,"COLORADO SPRINGS MUNICIPAL AIRPORT, CO US",38.80949,-104.68873,1884.2,1994-09,9.2,1.54,0,62.6
USW00093037,"COLORADO SPRINGS MUNICIPAL AIRPORT, CO US",38.80949,-104.68873,1884.2,1994-10,8.7,2.67,0.2,49.1
USW00093037,"COLORADO SPRINGS MUNICIPAL AIRPORT, CO US",38.80949,-104.68873,1884.2,1994-11,9.4,0.32,6.1,37.4
USW00093037,"COLORADO SPRINGS MUNICIPAL AIRPORT, CO US",38.80949,-104.68873,1884.2,1994-12,7.6,0.13,3.9,33.6
USW00093037,"COLORADO SPRINGS MUNICIPAL AIRPORT, CO US",38.80949,-104.68873,1884.2,1995-01,8.5,0,0,31.4
USW00093037,"COLORADO SPRINGS MUNICIPAL AIRPORT, CO US",38.80949,-104.68873,1884.2,1995-02,8.9,0.21,6.5,35.8
USW00093037,"COLORADO SPRINGS MUNICIPAL AIRPORT, CO US",38.80949,-104.68873,1884.2,1995-03,9.8,0.71,7.7,38.7
USW00093037,"COLORADO SPRINGS MUNICIPAL AIRPORT, CO US",38.80949,-104.68873,1884.2,1995-04,9.8,3.05,19.8,41.3
USW00093037,"COLORADO SPRINGS MUNICIPAL AIRPORT, CO US",38.80949,-104.68873,1884.2,1995-05,11.2,4.83,0,49.4
USW00093037,"COLORADO SPRINGS MUNICIPAL AIRPORT, CO US",38.80949,-104.68873,1884.2,1995-06,9.4,7.78,0,60.6
USW00093037,"COLORADO SPRINGS MUNICIPAL AIRPORT, CO US",38.80949,-104.68873,1884.2,1995-07,,2.03,0,67.4
USW00093037,"COLORADO SPRINGS MUNICIPAL AIRPORT, CO US",38.80949,-104.68873,1884.2,1995-08,7.8,1.77,0,71.9
USW00093037,"COLORADO SPRINGS MUNICIPAL AIRPORT, CO US",38.80949,-104.68873,1884.2,1995-09,8.3,1.87,0.5,59
USW00093037,"COLORADO SPRINGS MUNICIPAL AIRPORT, CO US",38.80949,-104.68873,1884.2,1995-10,9.4,0.02,0.2,48.9
USW00093037,"COLORADO SPRINGS MUNICIPAL AIRPORT, CO US",38.80949,-104.68873,1884.2,1995-11,9.2,0,0,41.4
USW00093037,"COLORADO SPRINGS MUNICIPAL AIRPORT, CO US",38.80949,-104.68873,1884.2,1995-12,8.7,0,0,32.1
USW00093037,"COLORADO SPRINGS MUNICIPAL AIRPORT, CO US",38.80949,-104.68873,1884.2,1996-01,10.5,0.16,2.9,27.2
USW00093037,"COLORADO SPRINGS MUNICIPAL AIRPORT, CO US",38.80949,-104.68873,1884.2,1996-02,9.8,0.35,4.7,34.1
USW00093037,"COLORADO SPRINGS MUNICIPAL AIRPORT, CO US",38.80949,-104.68873,1884.2,1996-03,10.5,0.82,6.9,35.4
USW00093037,"COLORADO SPRINGS MUNICIPAL AIRPORT, CO US",38.80949,-104.68873,1884.2,1996-04,11.9,0.39,3.2,47.2
USW00093037,"COLORADO SPRINGS MUNICIPAL AIRPORT, CO US",38.80949,-104.68873,1884.2,1996-05,11.4,2.22,0,59.6
USW00093037,"COLORADO SPRINGS MUNICIPAL AIRPORT, CO US",38.80949,-104.68873,1884.2,1996-06,9.4,1.59,0,65.7
USW00093037,"COLORADO SPRINGS MUNICIPAL AIRPORT, CO US",38.80949,-104.68873,1884.2,1996-07,8.9,4.47,0,69.8
USW00093037,"COLORADO SPRINGS MUNICIPAL AIRPORT, CO US",38.80949,-104.68873,1884.2,1996-08,8.7,3.47,0,67.5
USW00093037,"COLORADO SPRINGS MUNICIPAL AIRPORT, CO US",38.80949,-104.68873,1884.2,1996-09,8.9,2.04,0,57.4
USW00093037,"COLORADO SPRINGS MUNICIPAL AIRPORT, CO US",38.80949,-104.68873,1884.2,1996-10,9.8,0.89,8.7,49
USW00093037,"COLORADO SPRINGS MUNICIPAL AIRPORT, CO US",38.80949,-104.68873,1884.2,1996-11,8.5,0.17,3.7,38.1
USW00093037,"COLORADO SPRINGS MUNICIPAL AIRPORT, CO US",38.80949,-104.68873,1884.2,1996-12,10.3,0.04,1.7,33
USW00093037,"COLORADO SPRINGS MUNICIPAL AIRPORT, CO US",38.80949,-104.68873,1884.2,1997-01,8.9,0.11,9.3,27.1
USW00093037,"COLORADO SPRINGS MUNICIPAL AIRPORT, CO US",38.80949,-104.68873,1884.2,1997-02,10.1,0.18,3.4,30.2
USW00093037,"COLORADO SPRINGS MUNICIPAL AIRPORT, CO US",38.80949,-104.68873,1884.2,1997-03,10.3,0.34,2.4,40.7
USW00093037,"COLORADO SPRINGS MUNICIPAL AIRPORT, CO US",38.80949,-104.68873,1884.2,1997-04,10.5,3.31,12.3,39.5
USW00093037,"COLORADO SPRINGS MUNICIPAL AIRPORT, CO US",38.80949,-104.68873,1884.2,1997-05,9.8,1.17,0,53.7
USW00093037,"COLORADO SPRINGS MUNICIPAL AIRPORT, CO US",38.80949,-104.68873,1884.2,1997-06,9.6,5.45,0,64.3
USW00093037,"COLORADO SPRINGS MUNICIPAL AIRPORT, CO US",38.80949,-104.68873,1884.2,1997-07,8.9,4.63,0,70.5
USW00093037,"COLORADO SPRINGS MUNICIPAL AIRPORT, CO US",38.80949,-104.68873,1884.2,1997-08,8.3,4.7,0,67
USW00093037,"COLORADO SPRINGS MUNICIPAL AIRPORT, CO US",38.80949,-104.68873,1884.2,1997-09,8.1,1.78,0,62.1
USW00093037,"COLORADO SPRINGS MUNICIPAL AIRPORT, CO US",38.80949,-104.68873,1884.2,1997-10,10.7,0.98,19.9,48.5
USW00093037,"COLORADO SPRINGS MUNICIPAL AIRPORT, CO US",38.80949,-104.68873,1884.2,1997-11,9.4,0.22,3.5,33.5
USW00093037,"COLORADO SPRINGS MUNICIPAL AIRPORT, CO US",38.80949,-104.68873,1884.2,1997-12,10.1,0.1,1.9,30.5
USW00093037,"COLORADO SPRINGS MUNICIPAL AIRPORT, CO US",38.80949,-104.68873,1884.2,1998-01,8.9,0.03,0.3,32.1
USW00093037,"COLORADO SPRINGS MUNICIPAL AIRPORT, CO US",38.80949,-104.68873,1884.2,1998-02,7.6,0.34,4.3,31.6
USW00093037,"COLORADO SPRINGS MUNICIPAL AIRPORT, CO US",38.80949,-104.68873,1884.2,1998-03,10.1,2.42,17.5,35.4
USW00093037,"COLORADO SPRINGS MUNICIPAL AIRPORT, CO US",38.80949,-104.68873,1884.2,1998-04,11.2,1.38,9.4,43
USW00093037,"COLORADO SPRINGS MUNICIPAL AIRPORT, CO US",38.80949,-104.68873,1884.2,1998-05,11.6,0.72,0,58.8
USW00093037,"COLORADO SPRINGS MUNICIPAL AIRPORT, CO US",38.80949,-104.68873,1884.2,1998-06,12.3,1.28,0,63.8
USW00093037,"COLORADO SPRINGS MUNICIPAL AIRPORT, CO US",38.80949,-104.68873,1884.2,1998-07,8.7,5.26,0,71
USW00093037,"COLORADO SPRINGS MUNICIPAL AIRPORT, CO US",38.80949,-104.68873,1884.2,1998-08,7.8,2.75,0,67.6
USW00093037,"COLORADO SPRINGS MUNICIPAL AIRPORT, CO US",38.80949,-104.68873,1884.2,1998-09,8.9,0.51,0,65.4
USW00093037,"COLORADO SPRINGS MUNICIPAL AIRPORT, CO US",38.80949,-104.68873,1884.2,1998-10,9.4,0.93,1.1,50
USW00093037,"COLORADO SPRINGS MUNICIPAL AIRPORT, CO US",38.80949,-104.68873,1884.2,1998-11,9.4,0.44,1.7,41.7
USW00093037,"COLORADO SPRINGS MUNICIPAL AIRPORT, CO US",38.80949,-104.68873,1884.2,1998-12,8.5,0.15,7.3,28.3
USW00093037,"COLORADO SPRINGS MUNICIPAL AIRPORT, CO US",38.80949,-104.68873,1884.2,1999-01,10.1,0.12,2.9,33.7
USW00093037,"COLORADO SPRINGS MUNICIPAL AIRPORT, CO US",38.80949,-104.68873,1884.2,1999-02,11.6,0.05,0.3,38.1
USW00093037,"COLORADO SPRINGS MUNICIPAL AIRPORT, CO US",38.80949,-104.68873,1884.2,1999-03,11.6,0.41,2.7,42.1
USW00093037,"COLORADO SPRINGS MUNICIPAL AIRPORT, CO US",38.80949,-104.68873,1884.2,1999-04,12.8,7.5,17.6,42.2
USW00093037,"COLORADO SPRINGS MUNICIPAL AIRPORT, CO US",38.80949,-104.68873,1884.2,1999-05,11,3.56,0.3,53.3
USW00093037,"COLORADO SPRINGS MUNICIPAL AIRPORT, CO US",38.80949,-104.68873,1884.2,1999-06,10.3,1.36,0,62.8
USW00093037,"COLORADO SPRINGS MUNICIPAL AIRPORT, CO US",38.80949,-104.68873,1884.2,1999-07,9.6,4.7,0,71.1
USW00093037,"COLORADO SPRINGS MUNICIPAL AIRPORT, CO US",38.80949,-104.68873,1884.2,1999-08,8.3,7.04,0,68.7
USW00093037,"COLORADO SPRINGS MUNICIPAL AIRPORT, CO US",38.80949,-104.68873,1884.2,1999-09,8.9,0.52,0.2,57.7
USW00093037,"COLORADO SPRINGS MUNICIPAL AIRPORT, CO US",38.80949,-104.68873,1884.2,1999-10,8.9,1.1,3,50.8
USW00093037,"COLORADO SPRINGS MUNICIPAL AIRPORT, CO US",38.80949,-104.68873,1884.2,1999-11,8.1,1.01,10.6,44.8
USW00093037,"COLORADO SPRINGS MUNICIPAL AIRPORT, CO US",38.80949,-104.68873,1884.2,1999-12,9.4,0.2,2.3,33.6
USW00093037,"COLORADO SPRINGS MUNICIPAL AIRPORT, CO US",38.80949,-104.68873,1884.2,2000-01,8.7,0.68,7.4,32.1
USW00093037,"COLORADO SPRINGS MUNICIPAL AIRPORT, CO US",38.80949,-104.68873,1884.2,2000-02,9.6,0.23,2,38
USW00093037,"COLORADO SPRINGS MUNICIPAL AIRPORT, CO US",38.80949,-104.68873,1884.2,2000-03,10.7,1.97,12.6,39
USW00093037,"COLORADO SPRINGS MUNICIPAL AIRPORT, CO US",38.80949,-104.68873,1884.2,2000-04,11.9,0.62,2,48.8
USW00093037,"COLORADO SPRINGS MUNICIPAL AIRPORT, CO US",38.80949,-104.68873,1884.2,2000-05,11,1.27,0,59.4
USW00093037,"COLORADO SPRINGS MUNICIPAL AIRPORT, CO US",38.80949,-104.68873,1884.2,2000-06,10.3,1.73,0,64.2
USW00093037,"COLORADO SPRINGS MUNICIPAL AIRPORT, CO US",38.80949,-104.68873,1884.2,2000-07,8.5,2.73,0,71.9
USW00093037,"COLORADO SPRINGS MUNICIPAL AIRPORT, CO US",38.80949,-104.68873,1884.2,2000-08,8.7,5.82,0,71.3
USW00093037,"COLORADO SPRINGS MUNICIPAL AIRPORT, CO US",38.80949,-104.68873,1884.2,2000-09,8.9,0.56,1.5,61.9
USW00093037,"COLORADO SPRINGS MUNICIPAL AIRPORT, CO US",38.80949,-104.68873,1884.2,2000-10,9.2,0.86,1.5,49.7
USW00093037,"COLORADO SPRINGS MUNICIPAL AIRPORT, CO US",38.80949,-104.68873,1884.2,2000-11,8.7,0.19,2.9,30.3
USW00093037,"COLORADO SPRINGS MUNICIPAL AIRPORT, CO US",38.80949,-104.68873,1884.2,2000-12,8.5,0.25,3.7,28
USW00093037,"COLORADO SPRINGS MUNICIPAL AIRPORT, CO US",38.80949,-104.68873,1884.2,2001-01,8.1,0.82,14.6,27.1
USW00093037,"COLORADO SPRINGS MUNICIPAL AIRPORT, CO US",38.80949,-104.68873,1884.2,2001-02,8.3,0.26,5.9,30.3
USW00093037,"COLORADO SPRINGS MUNICIPAL AIRPORT, CO US",38.80949,-104.68873,1884.2,2001-03,8.1,1.39,12,37.3
USW00093037,"COLORADO SPRINGS MUNICIPAL AIRPORT, CO US",38.80949,-104.68873,1884.2,2001-04,12.8,0.98,8.1,49.3
USW00093037,"COLORADO SPRINGS MUNICIPAL AIRPORT, CO US",38.80949,-104.68873,1884.2,2001-05,10.1,3.21,6.5,55.1
USW00093037,"COLORADO SPRINGS MUNICIPAL AIRPORT, CO US",38.80949,-104.68873,1884.2,2001-06,9.6,2.14,0,66.5
USW00093037,"COLORADO SPRINGS MUNICIPAL AIRPORT, CO US",38.80949,-104.68873,1884.2,2001-07,8.9,3.25,0,73.5
USW00093037,"COLORADO SPRINGS MUNICIPAL AIRPORT, CO US",38.80949,-104.68873,1884.2,2001-08,9.4,1.47,0,69.8
USW00093037,"COLORADO SPRINGS MUNICIPAL AIRPORT, CO US",38.80949,-104.68873,1884.2,2001-09,8.7,1.01,2.3,63
USW00093037,"COLORADO SPRINGS MUNICIPAL AIRPORT, CO US",38.80949,-104.68873,1884.2,2001-10,10.1,0.02,0,50.8
USW00093037,"COLORADO SPRINGS MUNICIPAL AIRPORT, CO US",38.80949,-104.68873,1884.2,2001-11,8.5,0.37,3.7,41
USW00093037,"COLORADO SPRINGS MUNICIPAL AIRPORT, CO US",38.80949,-104.68873,1884.2,2001-12,8.5,0.09,1.2,31.5
USW00093037,"COLORADO SPRINGS MUNICIPAL AIRPORT, CO US",38.80949,-104.68873,1884.2,2002-01,8.9,0.26,4.5,30
USW00093037,"COLORADO SPRINGS MUNICIPAL AIRPORT, CO US",38.80949,-104.68873,1884.2,2002-02,10.7,0.11,1.1,31.8
USW00093037,"COLORADO SPRINGS MUNICIPAL AIRPORT, CO US",38.80949,-104.68873,1884.2,2002-03,10.5,0.29,3,35.3
USW00093037,"COLORADO SPRINGS MUNICIPAL AIRPORT, CO US",38.80949,-104.68873,1884.2,2002-04,12.1,0.02,0,50.4
USW00093037,"COLORADO SPRINGS MUNICIPAL AIRPORT, CO US",38.80949,-104.68873,1884.2,2002-05,10.7,1.13,0,56.3
USW00093037,"COLORADO SPRINGS MUNICIPAL AIRPORT, CO US",38.80949,-104.68873,1884.2,2002-06,11,1.17,0,70.8
USW00093037,"COLORADO SPRINGS MUNICIPAL AIRPORT, CO US",38.80949,-104.68873,1884.2,2002-07,9.6,1.62,0,73.9
USW00093037,"COLORADO SPRINGS MUNICIPAL AIRPORT, CO US",38.80949,-104.68873,1884.2,2002-08,9.8,0.43,0,70
USW00093037,"COLORADO SPRINGS MUNICIPAL AIRPORT, CO US",38.80949,-104.68873,1884.2,2002-09,9.8,1.32,0,62.3
USW00093037,"COLORADO SPRINGS MUNICIPAL AIRPORT, CO US",38.80949,-104.68873,1884.2,2002-10,8.9,1.34,1.1,44.8
USW00093037,"COLORADO SPRINGS MUNICIPAL AIRPORT, CO US",38.80949,-104.68873,1884.2,2002-11,7.8,0.09,1.7,37.2
USW00093037,"COLORADO SPRINGS MUNICIPAL AIRPORT, CO US",38.80949,-104.68873,1884.2,2002-12,7.4,0.11,2.8,31.8
USW00093037,"COLORADO SPRINGS MUNICIPAL AIRPORT, CO US",38.80949,-104.68873,1884.2,2003-01,8.1,0.03,0.3,35.8
USW00093037,"COLORADO SPRINGS MUNICIPAL AIRPORT, CO US",38.80949,-104.68873,1884.2,2003-02,8.5,0.63,9.3,26.8
USW00093037,"COLORADO SPRINGS MUNICIPAL AIRPORT, CO US",38.80949,-104.68873,1884.2,2003-03,11.2,1.02,6.3,40.4
USW00093037,"COLORADO SPRINGS MUNICIPAL AIRPORT, CO US",38.80949,-104.68873,1884.2,2003-04,11.9,0.98,4,49.8
USW00093037,"COLORADO SPRINGS MUNICIPAL AIRPORT, CO US",38.80949,-104.68873,1884.2,2003-05,10.7,0.91,0.4,56.9
USW00093037,"COLORADO SPRINGS MUNICIPAL AIRPORT, CO US",38.80949,-104.68873,1884.2,2003-06,9.2,5.07,0,61.4
USW00093037,"COLORADO SPRINGS MUNICIPAL AIRPORT, CO US",38.80949,-104.68873,1884.2,2003-07,8.7,1.14,0,75.8
USW00093037,"COLORADO SPRINGS MUNICIPAL AIRPORT, CO US",38.80949,-104.68873,1884.2,2003-08,8.5,1.89,0,71.1
USW00093037,"COLORADO SPRINGS MUNICIPAL AIRPORT, CO US",38.80949,-104.68873,1884.2,2003-09,9.2,0.58,0,58.3
USW00093037,"COLORADO SPRINGS MUNICIPAL AIRPORT, CO US",38.80949,-104.68873,1884.2,2003-10,9.2,0.09,0,53.9
USW00093037,"COLORADO SPRINGS MUNICIPAL AIRPORT, CO US",38.80949,-104.68873,1884.2,2003-11,8.7,0.04,0.7,37.1
USW00093037,"COLORADO SPRINGS MUNICIPAL AIRPORT, CO US",38.80949,-104.68873,1884.2,2003-12,9.4,0.06,0.8,33.3
USW00093037,"COLORADO SPRINGS MUNICIPAL AIRPORT, CO US",38.80949,-104.68873,1884.2,2004-01,8.1,0.52,9.3,30.7
USW00093037,"COLORADO SPRINGS MUNICIPAL AIRPORT, CO US",38.80949,-104.68873,1884.2,2004-02,9.4,0.39,3.7,30.2
USW00093037,"COLORADO SPRINGS MUNICIPAL AIRPORT, CO US",38.80949,-104.68873,1884.2,2004-03,9.8,0.38,2.2,44.7
USW00093037,"COLORADO SPRINGS MUNICIPAL AIRPORT, CO US",38.80949,-104.68873,1884.2,2004-04,11.2,2.69,6.6,46.3
USW00093037,"COLORADO SPRINGS MUNICIPAL AIRPORT, CO US",38.80949,-104.68873,1884.2,2004-05,11.2,0.61,0,59.2
USW00093037,"COLORADO SPRINGS MUNICIPAL AIRPORT, CO US",38.80949,-104.68873,1884.2,2004-06,9.6,6.01,0,62.7
USW00093037,"COLORADO SPRINGS MUNICIPAL AIRPORT, CO US",38.80949,-104.68873,1884.2,2004-07,8.3,4.13,0,67.3
USW00093037,"COLORADO SPRINGS MUNICIPAL AIRPORT, CO US",38.80949,-104.68873,1884.2,2004-08,8.5,4.83,0,64.4
USW00093037,"COLORADO SPRINGS MUNICIPAL AIRPORT, CO US",38.80949,-104.68873,1884.2,2004-09,9.4,0.5,0,61
USW00093037,"COLORADO SPRINGS MUNICIPAL AIRPORT, CO US",38.80949,-104.68873,1884.2,2004-10,10.5,0.18,0.5,50.8
USW00093037,"COLORADO SPRINGS MUNICIPAL AIRPORT, CO US",38.80949,-104.68873,1884.2,2004-11,9.4,0.65,6.6,35.9
USW00093037,"COLORADO SPRINGS MUNICIPAL AIRPORT, CO US",38.80949,-104.68873,1884.2,2004-12,8.3,0.24,4.4,32.7
USW00093037,"COLORADO SPRINGS MUNICIPAL AIRPORT, CO US",38.80949,-104.68873,1884.2,2005-01,7.8,0.78,9.1,33.4
USW00093037,"COLORADO SPRINGS MUNICIPAL AIRPORT, CO US",38.80949,-104.68873,1884.2,2005-02,8.3,0.05,0.4,35.1
USW00093037,"COLORADO SPRINGS MUNICIPAL AIRPORT, CO US",38.80949,-104.68873,1884.2,2005-03,9.8,1.03,7.6,37.9
USW00093037,"COLORADO SPRINGS MUNICIPAL AIRPORT, CO US",38.80949,-104.68873,1884.2,2005-04,12.8,1.08,2.2,46.6
USW00093037,"COLORADO SPRINGS MUNICIPAL AIRPORT, CO US",38.80949,-104.68873,1884.2,2005-05,9.8,0.72,0,56.4
USW00093037,"COLORADO SPRINGS MUNICIPAL AIRPORT, CO US",38.80949,-104.68873,1884.2,2005-06,10.7,2.1,0,65.4
USW00093037,"COLORADO SPRINGS MUNICIPAL AIRPORT, CO US",38.80949,-104.68873,1884.2,2005-07,8.9,1.91,0,73.3
USW00093037,"COLORADO SPRINGS MUNICIPAL AIRPORT, CO US",38.80949,-104.68873,1884.2,2005-08,8.9,2.65,0,67.6
USW00093037,"COLORADO SPRINGS MUNICIPAL AIRPORT, CO US",38.80949,-104.68873,1884.2,2005-09,9.2,0.68,0,64.5
USW00093037,"COLORADO SPRINGS MUNICIPAL AIRPORT, CO US",38.80949,-104.68873,1884.2,2005-10,9.2,0.48,0,50.4
USW00093037,"COLORADO SPRINGS MUNICIPAL AIRPORT, CO US",38.80949,-104.68873,1884.2,2005-11,10.3,0.08,0.2,41.3
USW00093037,"COLORADO SPRINGS MUNICIPAL AIRPORT, CO US",38.80949,-104.68873,1884.2,2005-12,8.7,0.3,10.4,28.6
USW00093037,"COLORADO SPRINGS MUNICIPAL AIRPORT, CO US",38.80949,-104.68873,1884.2,2006-01,9.8,0.24,2.8,34.8
USW00093037,"COLORADO SPRINGS MUNICIPAL AIRPORT, CO US",38.80949,-104.68873,1884.2,2006-02,9.4,0.04,1,29.9
USW00093037,"COLORADO SPRINGS MUNICIPAL AIRPORT, CO US",38.80949,-104.68873,1884.2,2006-03,11.4,0.24,2.5,38.5
USW00093037,"COLORADO SPRINGS MUNICIPAL AIRPORT, CO US",38.80949,-104.68873,1884.2,2006-04,12.8,0.09,0,51
USW00093037,"COLORADO SPRINGS MUNICIPAL AIRPORT, CO US",38.80949,-104.68873,1884.2,2006-05,10.1,0.82,0.5,59
USW00093037,"COLORADO SPRINGS MUNICIPAL AIRPORT, CO US",38.80949,-104.68873,1884.2,2006-06,10.1,0.82,0,69.9
USW00093037,"COLORADO SPRINGS MUNICIPAL AIRPORT, CO US",38.80949,-104.68873,1884.2,2006-07,9.4,4.42,0,71.7
USW00093037,"COLORADO SPRINGS MUNICIPAL AIRPORT, CO US",38.80949,-104.68873,1884.2,2006-08,8.3,3.51,0,68.1
USW00093037,"COLORADO SPRINGS MUNICIPAL AIRPORT, CO US",38.80949,-104.68873,1884.2,2006-09,8.1,1.52,0,56.2
USW00093037,"COLORADO SPRINGS MUNICIPAL AIRPORT, CO US",38.80949,-104.68873,1884.2,2006-10,8.9,1.57,7.6,47.5
USW00093037,"COLORADO SPRINGS MUNICIPAL AIRPORT, CO US",38.80949,-104.68873,1884.2,2006-11,8.1,0.19,2.7,40.1
USW00093037,"COLORADO SPRINGS MUNICIPAL AIRPORT, CO US",38.80949,-104.68873,1884.2,2006-12,10.1,0.39,7.4,31.2
USW00093037,"COLORADO SPRINGS MUNICIPAL AIRPORT, CO US",38.80949,-104.68873,1884.2,2007-01,8.7,0.31,6.2,24.5
USW00093037,"COLORADO SPRINGS MUNICIPAL AIRPORT, CO US",38.80949,-104.68873,1884.2,2007-02,9.8,0.17,2.2,33
USW00093037,"COLORADO SPRINGS MUNICIPAL AIRPORT, CO US",38.80949,-104.68873,1884.2,2007-03,10.1,0.66,0,44.5
USW00093037,"COLORADO SPRINGS MUNICIPAL AIRPORT, CO US",38.80949,-104.68873,1884.2,2007-04,11,1.86,3.8,45
USW00093037,"COLORADO SPRINGS MUNICIPAL AIRPORT, CO US",38.80949,-104.68873,1884.2,2007-05,9.4,2.35,0,55.4
USW00093037,"COLORADO SPRINGS MUNICIPAL AIRPORT, CO US",38.80949,-104.68873,1884.2,2007-06,9.6,0.94,0,64.7
USW00093037,"COLORADO SPRINGS MUNICIPAL AIRPORT, CO US",38.80949,-104.68873,1884.2,2007-07,8.9,1.75,0,72.1
USW00093037,"COLORADO SPRINGS MUNICIPAL AIRPORT, CO US",38.80949,-104.68873,1884.2,2007-08,8.7,2.7,0,72.6
USW00093037,"COLORADO SPRINGS MUNICIPAL AIRPORT, CO US",38.80949,-104.68873,1884.2,2007-09,9.6,0.34,0,63.4
USW00093037,"COLORADO SPRINGS MUNICIPAL AIRPORT, CO US",38.80949,-104.68873,1884.2,2007-10,10.3,0.25,0,52.6
USW00093037,"COLORADO SPRINGS MUNICIPAL AIRPORT, CO US",38.80949,-104.68873,1884.2,2007-11,8.1,0.1,1.4,41.2
USW00093037,"COLORADO SPRINGS MUNICIPAL AIRPORT, CO US",38.80949,-104.68873,1884.2,2007-12,9.6,0.39,7.3,27.3
USW00093037,"COLORADO SPRINGS MUNICIPAL AIRPORT, CO US",38.80949,-104.68873,1884.2,2008-01,8.9,0.46,8,26.7
USW00093037,"COLORADO SPRINGS MUNICIPAL AIRPORT, CO US",38.80949,-104.68873,1884.2,2008-02,10.1,0.19,2.7,32.7
USW00093037,"COLORADO SPRINGS MUNICIPAL AIRPORT, CO US",38.80949,-104.68873,1884.2,2008-03,9.8,0.97,11.7,38.4
USW00093037,"COLORADO SPRINGS MUNICIPAL AIRPORT, CO US",38.80949,-104.68873,1884.2,2008-04,12.1,0.39,2.5,45.1
USW00093037,"COLORADO SPRINGS MUNICIPAL AIRPORT, CO US",38.80949,-104.68873,1884.2,2008-05,12.5,0.33,0.5,55.1
USW00093037,"COLORADO SPRINGS MUNICIPAL AIRPORT, CO US",38.80949,-104.68873,1884.2,2008-06,10.7,0.52,0,65.9
USW00093037,"COLORADO SPRINGS MUNICIPAL AIRPORT, CO US",38.80949,-104.68873,1884.2,2008-07,9.8,0.28,0,74.1
USW00093037,"COLORADO SPRINGS MUNICIPAL AIRPORT, CO US",38.80949,-104.68873,1884.2,2008-08,8.9,4.31,0,68.4
USW00093037,"COLORADO SPRINGS MUNICIPAL AIRPORT, CO US",38.80949,-104.68873,1884.2,2008-09,9.2,4.97,0,60.4
USW00093037,"COLORADO SPRINGS MUNICIPAL AIRPORT, CO US",38.80949,-104.68873,1884.2,2008-10,8.9,0.14,0,50.8
USW00093037,"COLORADO SPRINGS MUNICIPAL AIRPORT, CO US",38.80949,-104.68873,1884.2,2008-11,8.7,0.25,2.7,41.7
USW00093037,"COLORADO SPRINGS MUNICIPAL AIRPORT, CO US",38.80949,-104.68873,1884.2,2008-12,9.2,0.15,5.2,30.1
USW00093037,"COLORADO SPRINGS MUNICIPAL AIRPORT, CO US",38.80949,-104.68873,1884.2,2009-01,9.6,0.09,3.3,34
USW00093037,"COLORADO SPRINGS MUNICIPAL AIRPORT, CO US",38.80949,-104.68873,1884.2,2009-02,10.3,0.04,0.6,36.1
USW00093037,"COLORADO SPRINGS MUNICIPAL AIRPORT, CO US",38.80949,-104.68873,1884.2,2009-03,11,0.46,4.8,41
USW00093037,"COLORADO SPRINGS MUNICIPAL AIRPORT, CO US",38.80949,-104.68873,1884.2,2009-04,12.3,1.52,1.4,45.5
USW00093037,"COLORADO SPRINGS MUNICIPAL AIRPORT, CO US",38.80949,-104.68873,1884.2,2009-05,9.8,2.39,0,57.1
USW00093037,"COLORADO SPRINGS MUNICIPAL AIRPORT, CO US",38.80949,-104.68873,1884.2,2009-06,9.4,2.89,0,63.9
USW00093037,"COLORADO SPRINGS MUNICIPAL AIRPORT, CO US",38.80949,-104.68873,1884.2,2009-07,8.1,3.82,0,68.6
USW00093037,"COLORADO SPRINGS MUNICIPAL AIRPORT, CO US",38.80949,-104.68873,1884.2,2009-08,7.8,1.84,0,67.4
USW00093037,"COLORADO SPRINGS MUNICIPAL AIRPORT, CO US",38.80949,-104.68873,1884.2,2009-09,8.9,1.2,0,59.7
USW00093037,"COLORADO SPRINGS MUNICIPAL AIRPORT, CO US",38.80949,-104.68873,1884.2,2009-10,9.8,0.36,1.8,42.7
USW00093037,"COLORADO SPRINGS MUNICIPAL AIRPORT, CO US",38.80949,-104.68873,1884.2,2009-11,8.3,0.45,1.5,41.4
USW00093037,"COLORADO SPRINGS MUNICIPAL AIRPORT, CO US",38.80949,-104.68873,1884.2,2009-12,7.8,0.67,9.3,23.2
USW00093037,"COLORADO SPRINGS MUNICIPAL AIRPORT, CO US",38.80949,-104.68873,1884.2,2010-01,6.9,0.12,1.9,30.7
USW00093037,"COLORADO SPRINGS MUNICIPAL AIRPORT, CO US",38.80949,-104.68873,1884.2,2010-02,7.2,0.5,9.7,27.8
USW00093037,"COLORADO SPRINGS MUNICIPAL AIRPORT, CO US",38.80949,-104.68873,1884.2,2010-03,9.6,0.56,7.2,40.7
USW00093037,"COLORADO SPRINGS MUNICIPAL AIRPORT, CO US",38.80949,-104.68873,1884.2,2010-04,13.2,1.26,0.3,47.9
USW00093037,"COLORADO SPRINGS MUNICIPAL AIRPORT, CO US",38.80949,-104.68873,1884.2,2010-05,11.6,0.81,0,55.4
USW00093037,"COLORADO SPRINGS MUNICIPAL AIRPORT, CO US",38.80949,-104.68873,1884.2,2010-06,11.2,0.34,0,69.6
USW00093037,"COLORADO SPRINGS MUNICIPAL AIRPORT, CO US",38.80949,-104.68873,1884.2,2010-07,8.9,2.68,0,72.7
USW00093037,"COLORADO SPRINGS MUNICIPAL AIRPORT, CO US",38.80949,-104.68873,1884.2,2010-08,8.1,2.47,0,70.9
USW00093037,"COLORADO SPRINGS MUNICIPAL AIRPORT, CO US",38.80949,-104.68873,1884.2,2010-09,9.2,0.09,0,67
USW00093037,"COLORADO SPRINGS MUNICIPAL AIRPORT, CO US",38.80949,-104.68873,1884.2,2010-10,9.2,0.43,0,53.7
USW00093037,"COLORADO SPRINGS MUNICIPAL AIRPORT, CO US",38.80949,-104.68873,1884.2,2010-11,9.6,0.07,0.2,38.1
USW00093037,"COLORADO SPRINGS MUNICIPAL AIRPORT, CO US",38.80949,-104.68873,1884.2,2010-12,7.8,0.07,4,34.5
USW00093037,"COLORADO SPRINGS MUNICIPAL AIRPORT, CO US",38.80949,-104.68873,1884.2,2011-01,7.8,0.11,1.6,29.4
USW00093037,"COLORADO SPRINGS MUNICIPAL AIRPORT, CO US",38.80949,-104.68873,1884.2,2011-02,11,0.14,2.5,29.3
USW00093037,"COLORADO SPRINGS MUNICIPAL AIRPORT, CO US",38.80949,-104.68873,1884.2,2011-03,11,0.54,3.1,43.1
USW00093037,"COLORADO SPRINGS MUNICIPAL AIRPORT, CO US",38.80949,-104.68873,1884.2,2011-04,12.5,0.69,1.3,48.3
USW00093037,"COLORADO SPRINGS MUNICIPAL AIRPORT, CO US",38.80949,-104.68873,1884.2,2011-05,12.3,0.69,0,54.2
USW00093037,"COLORADO SPRINGS MUNICIPAL AIRPORT, CO US",38.80949,-104.68873,1884.2,2011-06,11.4,0.26,0,70.5
USW00093037,"COLORADO SPRINGS MUNICIPAL AIRPORT, CO US",38.80949,-104.68873,1884.2,2011-07,8.3,4.91,0,75.1
USW00093037,"COLORADO SPRINGS MUNICIPAL AIRPORT, CO US",38.80949,-104.68873,1884.2,2011-08,8.1,1.49,0,74.1
USW00093037,"COLORADO SPRINGS MUNICIPAL AIRPORT, CO US",38.80949,-104.68873,1884.2,2011-09,8.1,5.91,0,62.5
USW00093037,"COLORADO SPRINGS MUNICIPAL AIRPORT, CO US",38.80949,-104.68873,1884.2,2011-10,8.7,0.87,3.6,50.7
USW00093037,"COLORADO SPRINGS MUNICIPAL AIRPORT, CO US",38.80949,-104.68873,1884.2,2011-11,9.2,0.19,1,40.5
USW00093037,"COLORADO SPRINGS MUNICIPAL AIRPORT, CO US",38.80949,-104.68873,1884.2,2011-12,8.5,0.46,11.7,28.9
USW00093037,"COLORADO SPRINGS MUNICIPAL AIRPORT, CO US",38.80949,-104.68873,1884.2,2012-01,9.2,0.02,0.5,36.2
USW00093037,"COLORADO SPRINGS MUNICIPAL AIRPORT, CO US",38.80949,-104.68873,1884.2,2012-02,11,0.29,4.2,32
USW00093037,"COLORADO SPRINGS MUNICIPAL AIRPORT, CO US",38.80949,-104.68873,1884.2,2012-03,11,0.07,0.7,48
USW00093037,"COLORADO SPRINGS MUNICIPAL AIRPORT, CO US",38.80949,-104.68873,1884.2,2012-04,12.3,0.85,0,52.4
USW00093037,"COLORADO SPRINGS MUNICIPAL AIRPORT, CO US",38.80949,-104.68873,1884.2,2012-05,10.1,0.78,0,59.8
USW00093037,"COLORADO SPRINGS MUNICIPAL AIRPORT, CO US",38.80949,-104.68873,1884.2,2012-06,10.5,0.59,0,73.3
USW00093037,"COLORADO SPRINGS MUNICIPAL AIRPORT, CO US",38.80949,-104.68873,1884.2,2012-07,9.4,3.56,0,75.4
USW00093037,"COLORADO SPRINGS MUNICIPAL AIRPORT, CO US",38.80949,-104.68873,1884.2,2012-08,8.3,0.13,0,71.2
USW00093037,"COLORADO SPRINGS MUNICIPAL AIRPORT, CO US",38.80949,-104.68873,1884.2,2012-09,7.6,1.42,0,62.9
USW00093037,"COLORADO SPRINGS MUNICIPAL AIRPORT, CO US",38.80949,-104.68873,1884.2,2012-10,8.9,0.14,0.6,49.3
USW00093037,"COLORADO SPRINGS MUNICIPAL AIRPORT, CO US",38.80949,-104.68873,1884.2,2012-11,7.6,0.02,0.3,43.5
USW00093037,"COLORADO SPRINGS MUNICIPAL AIRPORT, CO US",38.80949,-104.68873,1884.2,2012-12,7.8,0.26,5.4,30.9
USW00093037,"COLORADO SPRINGS MUNICIPAL AIRPORT, CO US",38.80949,-104.68873,1884.2,2013-01,7.6,0.18,3.2,30.3
USW00093037,"COLORADO SPRINGS MUNICIPAL AIRPORT, CO US",38.80949,-104.68873,1884.2,2013-02,8.7,0.9,10.6,29.4
USW00093037,"COLORADO SPRINGS MUNICIPAL AIRPORT, CO US",38.80949,-104.68873,1884.2,2013-03,9.4,0.19,4.3,38.5
USW00093037,"COLORADO SPRINGS MUNICIPAL AIRPORT, CO US",38.80949,-104.68873,1884.2,2013-04,11,0.33,3.6,42.7
USW00093037,"COLORADO SPRINGS MUNICIPAL AIRPORT, CO US",38.80949,-104.68873,1884.2,2013-05,9.6,1.14,1.8,56.3
USW00093037,"COLORADO SPRINGS MUNICIPAL AIRPORT, CO US",38.80949,-104.68873,1884.2,2013-06,10.1,0.6,0,70
USW00093037,"COLORADO SPRINGS MUNICIPAL AIRPORT, CO US",38.80949,-104.68873,1884.2,2013-07,8.5,4.62,0,71.3
USW00093037,"COLORADO SPRINGS MUNICIPAL AIRPORT, CO US",38.80949,-104.68873,1884.2,2013-08,7.2,5.72,0,70.8
USW00093037,"COLORADO SPRINGS MUNICIPAL AIRPORT, CO US",38.80949,-104.68873,1884.2,2013-09,8.7,4.8,0,65.4
USW00093037,"COLORADO SPRINGS MUNICIPAL AIRPORT, CO US",38.80949,-104.68873,1884.2,2013-10,8.3,0.43,0.2,48.3
USW00093037,"COLORADO SPRINGS MUNICIPAL AIRPORT, CO US",38.80949,-104.68873,1884.2,2013-11,8.9,0.27,4,39.3
USW00093037,"COLORADO SPRINGS MUNICIPAL AIRPORT, CO US",38.80949,-104.68873,1884.2,2013-12,8.7,0.07,2.9,29.3
USW00093037,"COLORADO SPRINGS MUNICIPAL AIRPORT, CO US",38.80949,-104.68873,1884.2,2014-01,9.4,0.67,13.6,30.3
USW00093037,"COLORADO SPRINGS MUNICIPAL AIRPORT, CO US",38.80949,-104.68873,1884.2,2014-02,9.8,0.22,3.4,30.9
USW00093037,"COLORADO SPRINGS MUNICIPAL AIRPORT, CO US",38.80949,-104.68873,1884.2,2014-03,11.2,0.42,2.8,39.6
USW00093037,"COLORADO SPRINGS MUNICIPAL AIRPORT, CO US",38.80949,-104.68873,1884.2,2014-04,12.5,0.92,7.5,47.5
USW00093037,"COLORADO SPRINGS MUNICIPAL AIRPORT, CO US",38.80949,-104.68873,1884.2,2014-05,10.7,2.57,0.4,56.7
USW00093037,"COLORADO SPRINGS MUNICIPAL AIRPORT, CO US",38.80949,-104.68873,1884.2,2014-06,11.2,1.29,0,66.9
USW00093037,"COLORADO SPRINGS MUNICIPAL AIRPORT, CO US",38.80949,-104.68873,1884.2,2014-07,8.3,4.63,0,70.2
USW00093037,"COLORADO SPRINGS MUNICIPAL AIRPORT, CO US",38.80949,-104.68873,1884.2,2014-08,7.8,2.35,0,68.3
USW00093037,"COLORADO SPRINGS MUNICIPAL AIRPORT, CO US",38.80949,-104.68873,1884.2,2014-09,8.5,0.61,0,63.9
USW00093037,"COLORADO SPRINGS MUNICIPAL AIRPORT, CO US",38.80949,-104.68873,1884.2,2014-10,8.5,2.96,0,53.5
USW00093037,"COLORADO SPRINGS MUNICIPAL AIRPORT, CO US",38.80949,-104.68873,1884.2,2014-11,8.7,0.26,7.1,36.2
USW00093037,"COLORADO SPRINGS MUNICIPAL AIRPORT, CO US",38.80949,-104.68873,1884.2,2014-12,8.1,0.17,3.7,31.6
USW00093037,"COLORADO SPRINGS MUNICIPAL AIRPORT, CO US",38.80949,-104.68873,1884.2,2015-01,8.5,0.87,13.5,32.9
USW00093037,"COLORADO SPRINGS MUNICIPAL AIRPORT, CO US",38.80949,-104.68873,1884.2,2015-02,8.9,1.45,16.7,33.6
USW00093037,"COLORADO SPRINGS MUNICIPAL AIRPORT, CO US",38.80949,-104.68873,1884.2,2015-03,9.4,0.81,3.9,43.2
USW00093037,"COLORADO SPRINGS MUNICIPAL AIRPORT, CO US",38.80949,-104.68873,1884.2,2015-04,11.2,0.98,1.7,48.5
USW00093037,"COLORADO SPRINGS MUNICIPAL AIRPORT, CO US",38.80949,-104.68873,1884.2,2015-05,9.4,8.14,0,52.3
USW00093037,"COLORADO SPRINGS MUNICIPAL AIRPORT, CO US",38.80949,-104.68873,1884.2,2015-06,8.7,5.72,0,68.5
USW00093037,"COLORADO SPRINGS MUNICIPAL AIRPORT, CO US",38.80949,-104.68873,1884.2,2015-07,8.3,3.14,0,70.2
USW00093037,"COLORADO SPRINGS MUNICIPAL AIRPORT, CO US",38.80949,-104.68873,1884.2,2015-08,8.5,1.73,0,71.3
USW00093037,"COLORADO SPRINGS MUNICIPAL AIRPORT, CO US",38.80949,-104.68873,1884.2,2015-09,8.5,0.33,0,67.3
USW00093037,"COLORADO SPRINGS MUNICIPAL AIRPORT, CO US",38.80949,-104.68873,1884.2,2015-10,8.1,1.38,0,55.4
USW00093037,"COLORADO SPRINGS MUNICIPAL AIRPORT, CO US",38.80949,-104.68873,1884.2,2015-11,9.6,0.49,5.8,39.1
USW00093037,"COLORADO SPRINGS MUNICIPAL AIRPORT, CO US",38.80949,-104.68873,1884.2,2015-12,9.2,0.25,4.3,32.5
USW00093037,"COLORADO SPRINGS MUNICIPAL AIRPORT, CO US",38.80949,-104.68873,1884.2,2016-01,7.4,0.54,6.9,32.7
USW00093037,"COLORADO SPRINGS MUNICIPAL AIRPORT, CO US",38.80949,-104.68873,1884.2,2016-02,9.8,1,10.1,37.1
USW00093037,"COLORADO SPRINGS MUNICIPAL AIRPORT, CO US",38.80949,-104.68873,1884.2,2016-03,10.3,0.73,10.5,42
USW00093037,"COLORADO SPRINGS MUNICIPAL AIRPORT, CO US",38.80949,-104.68873,1884.2,2016-04,10.7,2.28,13.1,46.7
USW00093037,"COLORADO SPRINGS MUNICIPAL AIRPORT, CO US",38.80949,-104.68873,1884.2,2016-05,10.5,2.38,0,54.5
USW00093037,"COLORADO SPRINGS MUNICIPAL AIRPORT, CO US",38.80949,-104.68873,1884.2,2016-06,8.9,1.04,0,70.5
USW00093037,"COLORADO SPRINGS MUNICIPAL AIRPORT, CO US",38.80949,-104.68873,1884.2,2016-07,8.9,3.04,0,74.5
USW00093037,"COLORADO SPRINGS MUNICIPAL AIRPORT, CO US",38.80949,-104.68873,1884.2,2016-08,8.3,2.43,0,68.7
USW00093037,"COLORADO SPRINGS MUNICIPAL AIRPORT, CO US",38.80949,-104.68873,1884.2,2016-09,8.7,0.16,0,65.2
USW00093037,"COLORADO SPRINGS MUNICIPAL AIRPORT, CO US",38.80949,-104.68873,1884.2,2016-10,9.4,0,0,58
USW00093037,"COLORADO SPRINGS MUNICIPAL AIRPORT, CO US",38.80949,-104.68873,1884.2,2016-11,9.2,0.07,0,44.8
USW00093037,"COLORADO SPRINGS MUNICIPAL AIRPORT, CO US",38.80949,-104.68873,1884.2,2016-12,8.3,0.69,6.4,29.4
USW00093037,"COLORADO SPRINGS MUNICIPAL AIRPORT, CO US",38.80949,-104.68873,1884.2,2017-01,9.4,0.32,6.3,30.9
USW00093037,"COLORADO SPRINGS MUNICIPAL AIRPORT, CO US",38.80949,-104.68873,1884.2,2017-02,11.2,0.07,0.7,39.9
USW00093037,"COLORADO SPRINGS MUNICIPAL AIRPORT, CO US",38.80949,-104.68873,1884.2,2017-03,11.6,0.44,2,46.7
USW00093037,"COLORADO SPRINGS MUNICIPAL AIRPORT, CO US",38.80949,-104.68873,1884.2,2017-04,11.2,2.15,9.6,48.8
USW00093037,"COLORADO SPRINGS MUNICIPAL AIRPORT, CO US",38.80949,-104.68873,1884.2,2017-05,10.7,3.15,0.1,55.7
USW00093037,"COLORADO SPRINGS MUNICIPAL AIRPORT, CO US",38.80949,-104.68873,1884.2,2017-06,9.4,0.5,0,69.3
USW00093037,"COLORADO SPRINGS MUNICIPAL AIRPORT, CO US",38.80949,-104.68873,1884.2,2017-07,8.3,6.23,0,73.4
USW00093037,"COLORADO SPRINGS MUNICIPAL AIRPORT, CO US",38.80949,-104.68873,1884.2,2017-08,8.1,2.43,0,68.3
USW00093037,"COLORADO SPRINGS MUNICIPAL AIRPORT, CO US",38.80949,-104.68873,1884.2,2017-09,9.2,2.78,0,63.4
USW00093037,"COLORADO SPRINGS MUNICIPAL AIRPORT, CO US",38.80949,-104.68873,1884.2,2017-10,9.6,0.23,0.9,50.2
USW00093037,"COLORADO SPRINGS MUNICIPAL AIRPORT, CO US",38.80949,-104.68873,1884.2,2017-11,9.2,0.15,0.7,45.6
USW00093037,"COLORADO SPRINGS MUNICIPAL AIRPORT, CO US",38.80949,-104.68873,1884.2,2017-12,9.2,0.01,0.9,33.5
USW00093037,"COLORADO SPRINGS MUNICIPAL AIRPORT, CO US",38.80949,-104.68873,1884.2,2018-01,8.3,0.16,1.7,35.1
USW00093037,"COLORADO SPRINGS MUNICIPAL AIRPORT, CO US",38.80949,-104.68873,1884.2,2018-02,9.6,0.41,9.1,32
USW00093037,"COLORADO SPRINGS MUNICIPAL AIRPORT, CO US",38.80949,-104.68873,1884.2,2018-03,12.1,0.6,3.1,42.8
USW00093037,"COLORADO SPRINGS MUNICIPAL AIRPORT, CO US",38.80949,-104.68873,1884.2,2018-04,12.1,1.08,5.3,46.7
USW00093037,"COLORADO SPRINGS MUNICIPAL AIRPORT, CO US",38.80949,-104.68873,1884.2,2018-05,11,1.46,0,62.2
USW00093037,"COLORADO SPRINGS MUNICIPAL AIRPORT, CO US",38.80949,-104.68873,1884.2,2018-06,10.3,1.43,0,71.1
USW00093037,"COLORADO SPRINGS MUNICIPAL AIRPORT, CO US",38.80949,-104.68873,1884.2,2018-07,8.9,4.47,0,72.5
USW00093037,"COLORADO SPRINGS MUNICIPAL AIRPORT, CO US",38.80949,-104.68873,1884.2,2018-08,8.3,3.25,0,69.1
USW00093037,"COLORADO SPRINGS MUNICIPAL AIRPORT, CO US",38.80949,-104.68873,1884.2,2018-09,8.3,0.57,0,66.5
USW00093037,"COLORADO SPRINGS MUNICIPAL AIRPORT, CO US",38.80949,-104.68873,1884.2,2018-10,8.5,1.61,5.3,48.1
USW00093037,"COLORADO SPRINGS MUNICIPAL AIRPORT, CO US",38.80949,-104.68873,1884.2,2018-11,8.5,0.3,2.8,37.5
USW00093037,"COLORADO SPRINGS MUNICIPAL AIRPORT, CO US",38.80949,-104.68873,1884.2,2018-12,8.7,0.09,1.3,31.2
USW00093037,"COLORADO SPRINGS MUNICIPAL AIRPORT, CO US",38.80949,-104.68873,1884.2,2019-01,8.5,0.28,2.8,33.1
USW00093037,"COLORADO SPRINGS MUNICIPAL AIRPORT, CO US",38.80949,-104.68873,1884.2,2019-02,9.8,0.29,6.1,31.7
USW00093037,"COLORADO SPRINGS MUNICIPAL AIRPORT, CO US",38.80949,-104.68873,1884.2,2019-03,10.1,1.22,7.4,37
USW00093037,"COLORADO SPRINGS MUNICIPAL AIRPORT, CO US",38.80949,-104.68873,1884.2,2019-04,10.1,1.04,5.4,49.5
USW00093037,"COLORADO SPRINGS MUNICIPAL AIRPORT, CO US",38.80949,-104.68873,1884.2,2019-05,10.3,2.49,5.1,51.6
USW00093037,"COLORADO SPRINGS MUNICIPAL AIRPORT, CO US",38.80949,-104.68873,1884.2,2019-06,9.6,1.97,0,64.4
USW00093037,"COLORADO SPRINGS MUNICIPAL AIRPORT, CO US",38.80949,-104.68873,1884.2,2019-07,9.2,1.41,0,73.1
USW00093037,"COLORADO SPRINGS MUNICIPAL AIRPORT, CO US",38.80949,-104.68873,1884.2,2019-08,8.5,0.71,0,73.1
USW00093037,"COLORADO SPRINGS MUNICIPAL AIRPORT, CO US",38.80949,-104.68873,1884.2,2019-09,10.1,0.32,0,68.7
USW00093037,"COLORADO SPRINGS MUNICIPAL AIRPORT, CO US",38.80949,-104.68873,1884.2,2019-10,9.8,0.82,12.6,43.1
USW00093037,"COLORADO SPRINGS MUNICIPAL AIRPORT, CO US",38.80949,-104.68873,1884.2,2019-11,8.3,0.9,8.3,37.6
USW00093037,"COLORADO SPRINGS MUNICIPAL AIRPORT, CO US",38.80949,-104.68873,1884.2,2019-12,7.2,0.32,4.6,34.4
USW00093037,"COLORADO SPRINGS MUNICIPAL AIRPORT, CO US",38.80949,-104.68873,1884.2,2020-01,8.7,0.09,0.8,34.2
USW00093037,"COLORADO SPRINGS MUNICIPAL AIRPORT, CO US",38.80949,-104.68873,1884.2,2020-02,9.4,0.62,13,30.1
USW00093037,"COLORADO SPRINGS MUNICIPAL AIRPORT, CO US",38.80949,-104.68873,1884.2,2020-03,10.1,0.99,7.7,43.2
USW00093037,"COLORADO SPRINGS MUNICIPAL AIRPORT, CO US",38.80949,-104.68873,1884.2,2020-04,9.4,0.86,9.4,47.2
USW00093037,"COLORADO SPRINGS MUNICIPAL AIRPORT, CO US",38.80949,-104.68873,1884.2,2020-05,11.4,1.15,0,59.2
USW00093037,"COLORADO SPRINGS MUNICIPAL AIRPORT, CO US",38.80949,-104.68873,1884.2,2020-06,10.5,0.79,0,69.5
USW00093037,"COLORADO SPRINGS MUNICIPAL AIRPORT, CO US",38.80949,-104.68873,1884.2,2020-07,8.9,1.53,0,74.2
USW00093037,"COLORADO SPRINGS MUNICIPAL AIRPORT, CO US",38.80949,-104.68873,1884.2,2020-08,8.3,2.75,0,74
USW00093037,"COLORADO SPRINGS MUNICIPAL AIRPORT, CO US",38.80949,-104.68873,1884.2,2020-09,8.5,0.35,2.6,63.7
USW00093037,"COLORADO SPRINGS MUNICIPAL AIRPORT, CO US",38.80949,-104.68873,1884.2,2020-10,9.2,0.25,3.2,51
USW00093037,"COLORADO SPRINGS MUNICIPAL AIRPORT, CO US",38.80949,-104.68873,1884.2,2020-11,9.6,0.01,0.2,43.1
USW00093037,"COLORADO SPRINGS MUNICIPAL AIRPORT, CO US",38.80949,-104.68873,1884.2,2020-12,9.6,0.52,5.2,33.7
USW00093037,"COLORADO SPRINGS MUNICIPAL AIRPORT, CO US",38.80949,-104.68873,1884.2,2021-01,8.3,0.57,7.9,31.6
USW00093037,"COLORADO SPRINGS MUNICIPAL AIRPORT, CO US",38.80949,-104.68873,1884.2,2021-02,8.3,0.84,13.6,26.2
USW00093037,"COLORADO SPRINGS MUNICIPAL AIRPORT, CO US",38.80949,-104.68873,1884.2,2021-03,10.7,1.4,14.6,39.9
USW00093037,"COLORADO SPRINGS MUNICIPAL AIRPORT, CO US",38.80949,-104.68873,1884.2,2021-04,11.2,0.75,5.4,46.9
USW00093037,"COLORADO SPRINGS MUNICIPAL AIRPORT, CO US",38.80949,-104.68873,1884.2,2021-05,10.3,3.98,1.7,55.9
USW00093037,"COLORADO SPRINGS MUNICIPAL AIRPORT, CO US",38.80949,-104.68873,1884.2,2021-06,8.9,2.15,0,69.6
USW00093037,"COLORADO SPRINGS MUNICIPAL AIRPORT, CO US",38.80949,-104.68873,1884.2,2021-07,8.5,3.27,0,72.6
USW00093037,"COLORADO SPRINGS MUNICIPAL AIRPORT, CO US",38.80949,-104.68873,1884.2,2021-08,8.7,0.2,0,74
USW00093037,"COLORADO SPRINGS MUNICIPAL AIRPORT, CO US",38.80949,-104.68873,1884.2,2021-09,8.5,0.95,0,68
USW00093037,"COLORADO SPRINGS MUNICIPAL AIRPORT, CO US",38.80949,-104.68873,1884.2,2021-10,8.3,0.26,0,53.1
USW00093037,"COLORADO SPRINGS MUNICIPAL AIRPORT, CO US",38.80949,-104.68873,1884.2,2021-11,8.1,0.03,0,46
USW00093037,"COLORADO SPRINGS MUNICIPAL AIRPORT, CO US",38.80949,-104.68873,1884.2,2021-12,11,0.07,0.4,40.4
USW00093037,"COLORADO SPRINGS MUNICIPAL AIRPORT, CO US",38.80949,-104.68873,1884.2,2022-01,8.3,0.23,4.3,34.1
USW00093037,"COLORADO SPRINGS MUNICIPAL AIRPORT, CO US",38.80949,-104.68873,1884.2,2022-02,8.3,0.56,10.6,28.9
USW00093037,"COLORADO SPRINGS MUNICIPAL AIRPORT, CO US",38.80949,-104.68873,1884.2,2022-03,10.5,0.75,7.9,41.2
USW00093037,"COLORADO SPRINGS MUNICIPAL AIRPORT, CO US",38.80949,-104.68873,1884.2,2022-04,13,0.01,0,51.6
USW00093037,"COLORADO SPRINGS MUNICIPAL AIRPORT, CO US",38.80949,-104.68873,1884.2,2022-05,12.3,2.02,10.3,59.1
USW00093037,"COLORADO SPRINGS MUNICIPAL AIRPORT, CO US",38.80949,-104.68873,1884.2,2022-06,10.3,1.37,0,68.5
USW00093037,"COLORADO SPRINGS MUNICIPAL AIRPORT, CO US",38.80949,-104.68873,1884.2,2022-07,8.5,5.35,0,74.7
USW00093037,"COLORADO SPRINGS MUNICIPAL AIRPORT, CO US",38.80949,-104.68873,1884.2,2022-08,8.1,1.82,0,71.7
